[
   {
    "type": "profession",
    "ident": "antvillain",
    "name": "Antagonizer Fanatic",
    "description": "As a kid, you were a fan of the Grognak the Barbarian comics, and specifically their villain, the AntAgonizer. In the chaos of the Cataclysm, you managed to save your ant farm, costume, and favorite comic.",
    "points": 10,
	    "skills": [ { "level": 8, "name": "tailor" },  { "level": 8, "name": "fabrication" }  ],
    "items": {
      "both": [ "jeans", "longshirt", "socks", "boots_rubber", "knit_scarf", "pockknife", "water_clean", "matches", "mon_ant_egg", "helmet_acidchitin", "armguard_acidchitin", "armor_acidchitin", "gauntlets_acidchitin", "mag_comic"  ],
      "male": [ "boxer_shorts" ],
      "female": [ "bra", "panties" ]
    }
	},
	
	   {
    "type": "profession",
    "ident": "antnerd",
    "name": "Ant nerd",
    "description": "Your ants were your best friends for your life. Now theyre your only friends. At least nobody will bully you now... Also, your colony provided you a weird egg before the end times.",
    "points": 4,
    "items": {
      "both": [ "jeans", "longshirt", "socks", "coat_winter", "boots_winter", "knit_scarf", "pockknife", "water_clean", "matches", "mon_ant_egg" ],
      "male": [ "boxer_shorts" ],
      "female": [ "bra", "panties" ]
    }
	},
	
		   {
    "type": "profession",
    "ident": "antmaniac",
    "name": "Ant maniac",
    "description": "Before the cataclysm, you were an avid antkeeper, and kept a very dangerous breed. So dangerous, you had to wear protective gear in the ant room. You found a mysterious, large egg in there shortly before the cataclysm. Lets hope it can save you now.",
    "points": 8,
    "items": {
      "both": [ "cleansuit", "socks", "boots_rubber", "gloves_rubber", "glasses_safety", "knit_scarf", "pockknife", "water_clean", "matches", "mon_acid_egg" ],
      "male": [ "boxer_shorts" ],
      "female": [ "bra", "panties" ]
    }
	},
	
	   {
    "type": "profession",
    "ident": "antscientist",
    "name": "Ant Researcher",
    "description": "Before the cataclysm, you were trying to make a breed of ants that could resist the cordyceps fungus. You had just succeeded when your undead co-worker spilled something on your ant tray.",
    "points": 6,
	  "skills": [ { "level": 6, "name": "cooking" }],
    "items": {
      "both": [ "cleansuit", "socks", "boots_rubber", "coat_lab", "glasses_safety", "knit_scarf", "pockknife", "water_clean", "matches", "mon_antifungal_egg", "mask_filter", "gloves_rubber" ],
      "male": [ "boxer_shorts" ],
      "female": [ "bra", "panties" ]
    }
	}
	]
