[
    {
    "id": "mon_antifungal_egg",
    "type": "TOOL",
    "category": "other",
    "name": "pulsating green egg",
    "description": "a mysterious green egg. activate to hatch",
    "weight": 30618,
    "volume": 25,
    "price": 10000,
    "to_hit": -3,
    "material": [ "flesh" ],
    "symbol": "d",
    "color": "light_gray",
    "use_action": {
      "type": "place_monster",
      "monster_id": "mon_ant_antifungal_queen",
      "friendly_msg": "The egg hatches into a queen! It seems to like you.",
      "difficulty": 0,
      "moves": 100,
      "place_randomly": true
    }
  },
  
      {
    "id": "mon_acid_egg",
    "type": "TOOL",
    "category": "other",
    "name": "pulsating brown egg",
    "description": "a mysterious brown egg. activate to hatch",
    "weight": 30618,
    "volume": 25,
    "price": 10000,
    "to_hit": -3,
    "material": [ "flesh" ],
    "symbol": "d",
    "color": "light_gray",
    "use_action": {
      "type": "place_monster",
      "monster_id": "mon_ant_acid_queen",
      "friendly_msg": "The egg hatches into a queen! It seems to like you.",
      "difficulty": 0,
      "moves": 100,
      "place_randomly": true
    }
  },
  
      {
    "id": "mon_ant_egg",
    "type": "TOOL",
    "category": "other",
    "name": "pulsating red egg",
    "description": "a mysterious red egg. activate to hatch",
    "weight": 30618,
    "volume": 25,
    "price": 10000,
    "to_hit": -3,
    "material": [ "flesh" ],
    "symbol": "d",
    "color": "light_gray",
    "use_action": {
      "type": "place_monster",
      "monster_id": "mon_ant_queen",
      "friendly_msg": "The egg hatches into a queen! It seems to like you.",
      "difficulty": 0,
      "moves": 100,
      "place_randomly": true
    }
  }
]